soc_code,occupation_title,Oral Comprehension,Written Comprehension,Oral Expression,Written Expression,Fluency of Ideas,Originality,Problem Sensitivity,Deductive Reasoning,Inductive Reasoning,Information Ordering,Category Flexibility,Mathematical Reasoning,Number Facility,Memorization,Speed of Closure,Flexibility of Closure,Perceptual Speed,Spatial Orientation,Visualization,Selective Attention,Time Sharing
13-2011,Accountants and auditors,3.82,3.94,3.94,3.88,3.06,3.0,3.88,3.94,3.82,3.82,3.25,3.94,3.94,2.88,2.88,3.06,2.94,1.0,2.25,3.18,2.38
27-2011,Actors,4.0,3.88,4.12,2.88,3.0,3.75,3.12,2.88,2.88,2.88,2.75,1.0,1.12,3.88,2.12,2.25,2.0,1.0,2.62,3.0,2.75
15-2011,Actuaries,4.0,4.0,3.88,3.75,3.12,3.12,3.88,4.12,4.0,3.88,3.88,4.5,4.25,2.75,2.75,3.38,2.88,1.0,2.5,3.38,2.5
11-3010,Administrative services and facilities managers,4.0,4.0,4.0,3.88,3.12,3.0,3.5,3.62,3.5,3.12,3.12,2.62,2.75,2.62,2.12,2.88,2.75,1.5,2.88,3.12,3.12
25-3011,Adult basic and secondary education and ESL teachers,3.88,4.0,4.25,4.0,3.25,3.25,3.5,3.5,3.25,3.0,2.88,2.88,2.88,2.75,2.62,3.0,2.62,1.0,2.0,3.0,2.75
41-3011,Advertising sales agents,4.0,3.88,4.12,3.5,3.25,3.25,3.12,3.12,3.12,3.0,3.0,2.75,2.75,2.38,2.75,2.88,2.75,1.38,2.88,3.0,2.88
17-3021,Aerospace engineering and operations technologists and technicians,3.88,4.0,3.88,3.63,2.75,2.75,4.0,3.75,3.75,3.5,3.38,2.88,2.63,2.5,2.75,3.25,3.0,1.25,3.25,3.38,2.63
17-2011,Aerospace engineers,3.88,4.12,3.88,3.88,3.5,3.38,4.0,4.0,4.0,4.0,3.5,3.88,3.38,2.62,2.75,3.12,3.0,1.0,3.25,3.0,2.75
19-4010,Agricultural and food science technicians,3.68,3.68,3.68,3.62,2.88,2.69,3.62,3.44,3.5,3.32,3.32,3.12,3.06,2.25,2.31,3.06,3.0,1.69,2.68,3.0,2.82
19-1010,Agricultural and food scientists,4.04,4.04,4.0,3.92,3.46,3.37,3.92,3.96,4.04,3.79,3.92,3.29,3.21,2.71,2.58,3.12,2.96,1.5,2.96,3.13,2.83
17-2021,Agricultural engineers,4.12,4.12,4.0,3.88,3.38,3.38,4.0,4.0,4.12,3.75,3.88,3.38,3.38,2.25,2.38,3.25,2.88,1.62,3.75,3.12,3.0
53-2021,Air traffic controllers,4.62,3.88,4.62,3.38,3.38,3.38,4.75,4.38,4.25,4.0,3.62,3.12,3.0,3.0,4.25,4.25,4.12,1.88,3.5,4.5,4.12
53-2010,Airline and commercial pilots,3.94,3.94,4.0,3.12,2.94,2.88,4.38,4.0,4.06,4.0,3.12,3.0,2.88,2.5,3.12,3.87,3.94,3.88,3.06,3.88,3.69
19-3091,Anthropologists and archeologists,4.06,4.31,4.19,4.25,3.63,3.5,3.68,4.06,4.12,3.81,3.69,3.0,2.63,2.88,3.0,3.5,2.56,1.44,2.88,2.94,2.56
23-1022,"Arbitrators, mediators, and conciliators",4.0,4.0,4.0,4.0,3.12,3.0,3.62,4.0,4.0,3.25,3.0,2.0,2.0,2.25,2.75,2.88,2.38,1.0,2.25,3.0,2.62
17-1011,Architects,4.0,4.0,4.0,3.88,4.12,4.0,4.0,4.0,4.0,4.0,3.75,3.38,3.5,2.75,3.0,3.75,3.5,2.12,4.25,3.0,2.75
11-9041,Architectural and engineering managers,4.06,4.19,3.94,3.88,3.5,3.56,4.0,4.0,3.88,3.75,3.44,3.56,3.25,2.68,2.88,3.12,2.88,1.18,3.19,3.38,2.69
25-4010,"Archivists, curators, and museum workers",3.83,3.83,3.67,3.79,3.17,3.25,3.29,3.54,3.42,3.71,3.54,2.5,2.42,2.58,2.17,2.87,2.71,1.38,2.92,3.08,2.5
27-1011,Art directors,4.0,4.0,4.0,3.38,4.12,4.12,3.75,3.75,3.75,3.88,3.25,2.75,2.38,2.62,2.75,2.88,2.88,1.0,3.62,2.88,2.5
27-2021,Athletes and sports competitors,4.0,3.25,3.88,2.75,2.88,2.88,3.88,3.38,3.38,3.25,2.75,2.12,2.12,2.38,2.25,2.75,2.88,1.88,3.0,3.12,2.88
29-9091,Athletic trainers,4.0,3.62,4.0,3.75,3.25,3.25,4.12,4.0,3.88,3.62,3.0,2.0,2.0,2.62,2.75,3.25,2.88,1.12,2.88,3.0,3.0
19-2021,"Atmospheric scientists, including meteorologists",4.12,4.25,4.25,4.25,3.12,3.0,4.0,4.0,4.0,3.88,3.12,3.25,3.0,2.62,2.75,3.25,2.88,1.12,2.5,3.0,2.75
29-1181,Audiologists,4.0,4.0,4.0,3.75,3.0,3.0,4.0,4.0,4.0,3.38,3.12,2.88,2.12,2.75,2.88,3.0,3.0,1.12,2.62,3.0,2.62
49-3023,Automotive service technicians and mechanics,3.32,3.0,3.06,2.88,2.75,2.44,3.62,3.62,3.62,3.44,3.0,2.12,2.06,2.5,2.94,3.31,3.0,2.06,3.32,3.25,2.82
51-3011,Bakers,3.25,3.0,3.12,2.5,2.75,2.75,3.12,3.0,2.88,3.0,3.0,2.25,2.25,2.0,2.12,2.88,3.0,1.0,2.88,3.0,2.5
39-5010,"Barbers, hairstylists, and cosmetologists",3.68,2.88,3.5,2.56,3.0,3.12,3.06,2.94,2.88,2.88,2.62,2.06,2.0,2.0,2.19,2.44,2.31,1.0,3.25,3.06,2.82
35-3011,Bartenders,3.75,3.0,3.88,3.0,2.75,2.88,3.0,3.0,3.0,3.25,2.88,2.25,2.5,3.0,2.12,2.75,2.75,1.25,2.5,3.0,2.88
43-3011,Bill and account collectors,3.75,3.62,3.75,3.5,2.5,2.5,3.0,2.88,2.88,2.88,3.0,2.62,2.75,2.12,2.0,2.38,2.62,1.0,2.12,3.0,2.25
19-1021,Biochemists and biophysicists,4.0,4.12,4.0,4.0,3.88,3.88,3.75,4.12,4.12,4.0,4.0,3.88,3.25,3.0,2.88,3.62,3.12,1.0,3.38,3.12,2.38
17-2031,Bioengineers and biomedical engineers,4.0,4.12,3.88,3.88,3.5,3.88,4.0,4.12,4.12,3.62,3.62,3.88,3.38,2.62,2.75,3.62,3.12,1.0,3.62,3.12,2.62
19-4021,Biological technicians,3.88,3.62,3.75,3.62,3.0,2.88,3.5,3.62,3.88,3.75,3.5,3.0,3.0,2.5,2.75,3.12,3.0,1.12,3.0,3.38,2.5
47-2011,Boilermakers,3.38,3.12,3.12,3.0,2.88,2.38,3.88,3.75,3.5,3.25,3.0,2.38,2.38,2.0,2.38,3.0,3.0,2.12,3.38,3.0,2.88
43-3031,"Bookkeeping, accounting, and auditing clerks",4.0,3.88,3.5,3.62,2.12,1.88,3.5,3.0,3.12,3.12,3.12,3.88,3.5,2.38,2.25,2.75,2.88,1.0,2.0,3.0,2.0
27-4010,"Broadcast, sound, and video technicians",3.78,3.5,3.75,3.46,2.9,2.84,3.69,3.28,3.28,3.5,3.06,2.31,2.13,2.44,2.6,3.12,2.91,1.25,2.82,3.34,2.78
13-2031,Budget analysts,4.0,4.0,3.75,3.88,3.12,2.88,3.75,3.88,3.88,3.75,3.12,4.0,4.0,2.62,2.25,2.88,2.88,1.0,2.12,3.0,2.5
51-3021,Butchers,3.12,2.88,3.12,2.12,2.25,2.12,3.12,2.75,2.75,3.12,3.12,2.5,2.62,2.0,2.25,2.75,2.75,1.5,2.88,3.0,2.88
17-3028,Calibration technologists and technicians,3.82,3.81,3.66,3.34,3.0,2.96,3.88,3.84,3.74,3.55,3.32,3.14,2.95,2.57,2.78,3.14,3.1,1.68,3.26,3.25,2.73
29-2031,Cardiovascular technologists and technicians,4.0,3.5,4.0,3.5,2.88,2.5,4.12,3.62,3.62,3.5,3.0,2.62,2.5,2.62,3.0,3.25,3.38,1.0,2.75,3.12,3.0
47-2031,Carpenters,3.37,3.0,3.25,2.56,2.88,2.88,3.56,3.18,3.12,3.18,3.06,2.75,2.82,2.18,2.38,2.88,2.88,2.62,3.5,3.0,2.5
17-1021,Cartographers and photogrammetrists,3.88,4.0,3.5,3.5,3.0,3.0,3.12,3.5,3.62,3.25,3.12,3.0,2.88,2.5,2.75,3.38,3.0,1.38,3.25,3.0,2.62
41-2011,Cashiers,3.62,3.12,3.75,2.75,2.0,2.12,3.0,2.88,2.88,3.0,2.88,2.88,3.0,2.75,2.12,2.25,2.5,1.0,2.0,3.0,2.75
35-1011,Chefs and head cooks,4.0,3.12,4.0,3.12,3.25,3.12,4.0,3.75,3.38,3.5,3.12,3.12,3.12,2.62,2.25,2.88,3.0,1.0,2.88,3.0,3.0
17-2041,Chemical engineers,4.0,4.12,3.75,3.25,3.75,3.75,4.0,4.0,3.88,4.0,4.0,4.0,3.75,2.75,3.0,3.5,3.38,1.12,3.25,3.25,2.5
19-4031,Chemical technicians,3.88,3.88,3.38,3.62,3.0,3.0,3.5,3.75,3.75,3.88,3.5,3.0,2.88,2.75,2.75,3.25,2.88,1.12,2.88,3.0,2.5
19-2030,Chemists and materials scientists,4.0,4.06,3.94,3.82,3.18,3.19,3.94,4.0,3.94,3.68,3.62,3.56,3.31,2.69,2.5,3.25,3.0,1.06,3.19,3.12,2.68
39-9011,Childcare workers,3.94,3.25,3.88,3.0,3.12,3.0,3.81,3.44,3.25,3.0,3.0,1.81,1.94,2.68,2.56,2.94,2.5,1.62,2.82,3.0,3.0
29-1011,Chiropractors,4.0,4.0,4.0,3.88,3.0,2.88,4.0,4.0,4.0,3.75,3.12,2.5,2.25,2.75,2.88,3.12,2.88,1.0,2.88,3.0,2.75
17-3022,Civil engineering technologists and technicians,3.88,3.88,3.75,3.62,3.0,3.0,3.75,3.88,3.38,3.38,3.25,3.88,3.5,2.25,3.0,3.12,2.88,2.0,3.62,3.0,2.62
17-2051,Civil engineers,4.0,3.94,4.0,3.94,3.62,3.25,4.0,4.06,4.0,4.0,3.88,3.94,3.68,2.75,2.81,3.38,3.25,1.81,3.82,3.06,2.82
13-1030,"Claims adjusters, appraisers, examiners, and investigators",4.03,3.9,4.0,3.62,2.6,2.56,3.72,3.6,3.5,3.31,3.15,2.84,2.91,2.18,2.56,2.88,2.66,1.65,2.47,3.12,2.38
29-2010,Clinical laboratory technologists and technicians,3.74,3.67,3.64,3.14,2.72,2.74,3.8,3.39,3.33,3.7,3.2,2.91,2.86,2.58,2.73,3.25,3.09,1.0,2.92,3.15,2.7
27-2022,Coaches and scouts,4.0,3.62,4.5,3.75,3.62,3.75,4.0,4.0,3.88,3.75,3.5,2.38,2.25,2.88,2.88,2.88,2.5,1.88,3.5,2.88,2.88
21-1094,Community health workers,4.25,3.88,4.12,3.75,2.88,3.0,3.75,3.62,3.5,3.25,3.25,2.38,2.12,2.5,2.62,2.62,2.38,1.75,2.5,2.88,3.0
11-3111,Compensation and benefits managers,4.0,4.0,4.0,4.0,3.0,3.12,3.62,3.38,3.25,3.0,3.0,3.0,3.0,2.12,2.25,2.5,2.38,1.0,2.0,2.75,2.12
13-1141,"Compensation, benefits, and job analysis specialists",3.88,3.88,4.0,3.25,3.0,3.0,3.5,3.75,3.38,3.25,3.12,3.0,2.88,2.38,2.62,3.12,2.75,1.0,2.0,3.0,2.12
13-1041,Compliance officers,4.02,4.08,4.0,3.92,3.08,2.9,3.9,3.85,3.96,3.69,3.33,2.73,2.73,2.7,3.0,3.35,3.17,1.79,2.75,3.06,2.75
11-3021,Computer and information systems managers,4.0,4.0,4.0,3.75,3.38,3.25,4.0,4.0,4.0,3.75,3.25,3.0,3.12,2.62,2.75,3.0,2.75,1.12,3.0,2.88,2.62
17-2061,Computer hardware engineers,4.0,4.0,3.88,3.5,3.12,3.25,4.0,4.0,4.0,3.75,3.25,3.0,2.75,2.5,2.0,3.0,2.5,1.0,3.0,3.0,2.0
39-6012,Concierges,4.0,3.38,4.12,3.0,3.25,3.0,3.62,3.62,3.12,3.12,3.0,2.12,2.12,2.75,2.38,2.62,2.38,1.62,2.12,2.75,2.62
19-1030,Conservation scientists and foresters,4.02,3.98,4.0,3.75,3.08,3.35,3.79,3.84,3.71,3.52,3.44,2.9,2.71,2.44,2.78,3.08,2.62,2.57,2.82,3.02,2.84
47-4011,Construction and building inspectors,3.88,3.88,3.88,3.62,2.88,2.88,4.12,4.0,4.12,3.38,3.25,3.0,2.88,2.5,2.62,3.25,3.25,2.0,3.25,3.0,2.75
47-2070,Construction equipment operators,3.08,2.5,3.04,2.09,2.0,1.96,3.5,3.04,2.88,2.96,2.75,2.04,2.04,1.96,2.0,2.58,2.92,2.83,3.0,3.04,2.88
11-9021,Construction managers,3.88,3.88,3.88,3.5,3.12,3.0,4.12,4.0,3.5,4.0,3.25,3.12,3.12,2.5,3.0,3.12,3.0,2.0,3.5,3.0,2.88
35-2010,Cooks,3.37,2.95,3.05,2.65,2.57,2.6,3.15,2.87,2.78,3.12,2.8,2.25,2.4,2.2,2.1,2.38,2.6,1.1,2.52,3.0,2.8
33-3010,Correctional officers and bailiffs,3.81,3.06,3.88,2.94,2.12,2.0,3.88,3.38,3.38,3.0,2.56,1.62,1.88,2.12,2.56,2.75,2.56,1.75,2.06,3.5,2.81
13-1051,Cost estimators,4.0,3.88,4.0,3.62,3.0,2.88,3.12,3.88,4.0,3.5,3.25,4.0,4.0,2.0,2.75,2.88,2.88,1.12,2.75,3.0,2.12
27-3092,Court reporters and simultaneous captioners,4.25,4.0,4.25,3.88,2.88,3.0,3.62,3.12,3.12,3.75,3.0,1.88,1.88,2.75,3.0,2.88,3.0,1.0,2.5,3.38,3.0
13-2071,Credit counselors,4.19,4.0,3.94,3.75,3.12,2.82,3.82,3.88,3.75,3.31,3.0,3.25,3.25,2.38,2.69,2.81,2.87,1.0,2.25,3.06,2.68
43-4051,Customer service representatives,4.19,3.56,4.12,3.56,2.75,2.75,3.56,3.5,3.5,3.31,3.0,2.5,2.32,2.5,2.56,3.0,2.37,1.0,2.0,3.06,2.68
27-2030,Dancers and choreographers,3.81,3.32,3.69,3.0,3.5,3.62,3.44,3.32,3.06,3.25,3.06,1.82,1.82,3.0,2.25,2.62,2.68,2.32,3.25,2.94,2.69
51-9080,Dental and ophthalmic laboratory technicians and medical appliance technicians,3.29,3.12,3.21,2.92,2.58,2.54,3.42,3.42,3.17,3.33,3.0,2.42,2.33,2.13,2.37,2.92,2.96,1.17,3.46,3.08,2.5
31-9091,Dental assistants,3.88,3.38,3.75,3.25,2.88,2.62,3.12,3.25,3.25,3.12,3.0,2.12,2.25,2.0,2.12,2.38,2.75,1.12,2.25,3.0,2.62
29-1020,Dentists,4.0,3.82,4.03,3.47,3.18,3.09,4.06,3.97,3.94,3.62,3.38,2.75,2.66,2.6,2.56,3.13,2.84,1.28,3.25,3.47,2.88
43-9031,Desktop publishers,3.62,3.75,3.38,3.5,3.75,3.75,3.5,3.5,3.25,4.0,3.75,2.38,2.5,2.5,2.75,3.38,3.62,1.62,4.0,3.38,2.5
29-2032,Diagnostic medical sonographers,4.0,3.88,3.88,3.75,3.0,3.0,3.88,3.38,3.5,3.12,3.12,2.25,2.12,2.38,3.0,3.38,3.0,1.0,3.0,3.0,2.88
49-3031,Diesel service technicians and mechanics,3.25,2.75,3.12,2.5,2.62,2.62,3.62,3.5,3.38,3.25,3.0,2.0,2.12,2.12,2.5,3.12,3.0,2.0,3.12,2.88,2.88
29-1031,Dietitians and nutritionists,4.0,4.0,4.0,4.0,3.25,3.62,4.0,4.0,3.5,3.88,3.75,2.88,3.0,2.88,2.12,2.88,2.88,1.0,2.62,3.0,2.88
17-3010,Drafters,3.6,3.56,3.52,3.37,3.02,3.06,3.33,3.25,3.21,3.21,3.04,3.14,2.81,2.21,2.37,3.04,2.77,1.35,3.4,3.04,2.33
47-2080,"Drywall installers, ceiling tile installers, and tapers",3.06,2.69,3.06,2.19,2.31,2.12,2.88,2.88,2.82,2.94,2.75,1.94,1.87,2.0,2.0,2.37,2.56,2.12,2.82,2.87,2.38
19-3011,Economists,3.75,4.12,3.82,4.0,3.44,3.19,3.62,3.88,3.94,3.12,3.25,3.94,3.5,3.0,2.38,2.94,2.69,1.0,2.63,3.13,2.06
27-3041,Editors,4.0,4.88,4.0,4.62,3.88,3.5,3.38,3.5,3.38,3.38,3.62,2.12,2.0,2.62,2.75,3.12,2.88,1.0,2.88,3.0,2.5
17-3023,Electrical and electronic engineering technologists and technicians,3.68,3.62,3.5,3.18,3.06,3.0,4.0,3.75,3.62,3.38,3.18,3.0,2.5,2.56,2.75,3.12,3.06,1.31,3.12,3.12,2.68
17-2070,Electrical and electronics engineers,4.0,3.97,3.81,3.72,3.38,3.19,4.0,4.0,3.84,3.85,3.63,3.35,3.22,2.53,2.31,3.0,2.78,1.12,3.12,3.06,2.72
49-9051,Electrical power-line installers and repairers,3.88,3.0,3.38,3.0,2.75,2.62,4.0,3.62,3.5,3.62,3.12,2.25,2.25,2.25,2.5,3.0,3.0,2.62,3.0,3.0,2.88
47-2111,Electricians,3.62,3.12,3.25,2.75,3.0,2.75,4.0,3.75,3.75,3.5,3.12,3.0,3.0,2.62,2.75,3.25,3.12,2.12,3.38,3.0,2.75
17-3024,Electro-mechanical and mechatronics technologists and technicians,3.62,3.62,3.5,3.12,2.87,2.81,3.82,3.87,3.81,3.75,3.12,2.88,2.82,2.75,2.88,3.25,3.38,1.88,3.44,3.5,2.82
11-9032,"Elementary, middle, and high school principals",4.38,4.25,4.38,4.25,3.62,3.75,4.12,4.25,4.12,3.88,3.88,3.12,2.88,2.88,2.88,3.12,2.75,1.0,2.75,3.0,3.0
47-4021,Elevator and escalator installers and repairers,3.75,3.38,3.63,3.13,2.75,2.88,3.88,3.75,3.5,3.25,3.0,2.25,2.0,2.38,2.5,3.0,2.75,2.13,3.38,3.13,2.75
11-9161,Emergency management directors,4.12,4.0,4.12,4.0,3.88,3.75,4.0,4.0,4.0,3.75,3.62,2.75,2.75,2.88,3.12,3.0,3.0,2.0,3.12,3.12,3.0
29-2040,EMTs and paramedics,4.0,3.5,4.0,3.25,3.0,3.0,4.12,4.0,4.0,3.62,3.25,2.62,2.5,3.0,3.12,3.25,3.25,2.62,3.0,3.25,3.12
11-9072,Entertainment and recreation managers,4.0,3.62,4.0,3.5,2.88,2.75,3.88,4.0,3.88,3.38,3.25,3.0,3.12,2.88,3.0,3.12,3.12,1.25,2.38,3.25,3.12
17-3025,Environmental engineering technologists and technicians,3.88,4.0,3.88,3.12,3.0,3.0,3.88,4.0,4.0,3.88,3.62,3.0,3.0,2.75,2.75,3.0,3.0,2.0,2.88,3.12,2.88
17-2081,Environmental engineers,4.12,4.25,4.06,4.0,3.56,3.5,4.12,4.06,3.94,3.69,3.5,3.69,3.5,2.75,2.81,3.38,3.0,1.31,3.56,3.18,2.62
19-4042,Environmental science and protection technicians,3.75,3.94,3.56,3.38,2.69,2.69,3.44,3.38,3.5,3.63,3.38,2.81,2.81,2.31,2.32,3.25,2.68,1.62,2.82,3.0,2.44
19-2041,Environmental scientists and specialists,4.03,4.0,3.94,4.0,3.18,3.16,3.84,3.97,3.91,3.56,3.38,3.25,3.16,2.5,2.65,3.12,2.72,1.53,2.78,3.03,2.56
19-1041,Epidemiologists,4.25,4.25,4.12,4.12,3.75,3.62,4.38,4.25,4.25,3.62,3.88,3.5,3.25,3.0,3.12,3.62,3.12,1.0,3.0,3.38,2.75
29-1128,Exercise physiologists,4.12,4.0,4.12,3.88,3.38,3.25,3.88,4.0,3.88,3.5,3.5,2.88,2.88,2.62,2.38,2.62,2.62,1.12,2.75,3.0,2.5
11-9013,"Farmers, ranchers, and other agricultural managers",4.0,3.63,4.0,3.67,3.09,3.04,3.92,3.79,3.75,3.54,3.37,2.71,2.96,2.38,2.5,3.04,2.71,2.0,2.88,3.0,2.88
27-1022,Fashion designers,4.0,3.88,4.13,3.63,3.88,4.0,3.75,3.88,3.88,3.38,3.5,2.25,2.38,2.25,2.25,3.0,3.13,1.38,3.63,3.25,2.75
27-4030,Film and video editors and camera operators,3.62,3.32,3.56,3.06,3.31,3.38,3.44,3.32,3.25,3.44,3.13,2.18,2.18,2.25,2.62,3.0,2.94,1.75,3.56,3.31,2.82
13-2061,Financial examiners,4.0,4.25,4.12,4.0,3.12,3.25,4.12,4.12,4.0,3.75,3.88,3.62,3.38,2.88,3.12,3.25,3.12,1.0,2.5,3.12,2.75
11-3031,Financial managers,4.0,4.0,4.06,3.88,3.25,3.06,4.0,4.06,4.0,3.68,3.38,3.75,3.44,2.88,2.75,2.94,2.94,1.0,2.31,2.82,2.75
33-2020,Fire inspectors,3.97,3.69,3.94,3.41,3.06,3.06,4.16,3.81,3.88,3.56,3.41,2.44,2.53,2.28,3.03,3.69,3.28,2.22,3.0,3.06,2.72
33-2011,Firefighters,3.88,3.31,3.82,3.0,3.0,2.88,4.0,3.68,3.44,3.25,3.06,2.06,2.12,2.62,3.0,3.5,3.25,3.25,3.32,3.44,3.25
39-9031,Fitness trainers and instructors,3.25,2.75,3.75,2.88,2.88,3.0,3.12,3.0,3.0,3.0,2.88,1.62,1.62,2.25,2.0,2.25,2.25,1.62,2.38,3.0,2.62
53-2031,Flight attendants,4.12,2.88,4.12,2.75,2.62,2.62,3.88,3.75,3.25,3.25,2.75,1.88,2.0,2.0,2.5,2.88,3.0,1.38,2.0,3.0,3.0
47-2040,Flooring installers and tile and stone setters,3.22,2.72,3.09,2.47,2.41,2.41,3.28,2.97,2.91,3.06,2.78,2.28,2.31,1.88,1.94,2.56,2.53,1.88,3.12,2.91,2.41
27-1023,Floral designers,4.0,3.0,4.0,2.88,3.38,3.62,2.88,3.12,2.88,3.25,3.5,2.25,2.12,2.0,2.25,2.25,2.25,1.62,3.88,3.0,2.25
35-2021,Food preparation workers,2.88,2.5,3.12,2.25,2.0,2.0,2.88,2.75,2.75,3.0,2.75,2.0,2.0,2.0,2.0,2.0,2.12,1.5,2.12,2.75,2.38
11-9051,Food service managers,4.0,3.75,4.0,3.38,2.75,2.75,3.88,3.62,3.25,3.25,3.0,2.88,3.0,2.62,2.75,2.5,2.62,1.0,2.38,3.0,2.88
19-4092,Forensic science technicians,4.0,4.0,3.88,3.75,3.12,3.0,3.75,4.0,4.12,3.75,3.5,2.75,2.62,2.62,3.25,4.12,3.38,1.88,3.12,3.0,2.88
45-4011,Forest and conservation workers,3.5,3.12,3.5,3.0,2.88,2.75,3.62,3.38,3.12,3.38,3.12,2.25,2.62,2.12,2.5,3.12,3.0,2.88,2.88,3.0,2.88
13-1131,Fundraisers,4.0,3.88,4.25,4.12,3.38,3.38,3.62,3.75,3.62,3.25,3.12,2.62,2.75,2.38,2.25,2.5,2.12,1.12,2.25,2.88,2.75
49-9071,General maintenance and repair workers,3.12,3.0,3.0,2.88,2.25,2.12,3.62,3.12,3.12,3.62,3.0,2.12,2.12,2.12,2.62,3.12,3.12,2.12,3.38,3.12,2.25
43-9061,General office clerks,3.75,3.75,3.88,3.62,2.75,2.12,3.12,3.0,3.0,3.12,3.0,2.75,2.62,2.12,2.12,2.62,2.62,1.0,2.12,3.0,2.88
29-9092,Genetic counselors,4.0,4.25,4.0,4.0,3.12,3.12,4.0,4.12,4.0,3.88,3.12,3.12,2.88,2.88,2.88,3.12,2.88,1.0,2.62,3.0,2.75
19-3092,Geographers,4.0,4.0,4.0,4.0,3.38,3.25,3.75,4.0,4.0,3.75,3.75,3.0,3.0,2.62,2.25,3.25,2.75,1.0,2.88,2.88,2.62
19-2042,Geoscientists,4.0,4.0,4.0,4.0,3.38,3.12,4.0,4.0,4.12,3.62,4.0,3.62,3.25,2.38,2.62,3.12,3.0,1.88,3.0,3.0,2.25
47-2121,Glaziers,3.0,3.0,2.88,2.38,2.25,2.25,3.12,3.0,3.0,3.25,2.75,2.38,2.25,1.88,2.0,2.12,2.25,2.12,2.88,2.75,2.12
27-1024,Graphic designers,3.75,3.75,3.75,3.5,3.88,4.0,3.12,3.25,3.12,3.12,3.25,2.0,2.0,2.0,2.12,2.75,2.62,1.0,3.38,3.0,2.5
47-4041,Hazardous materials removal workers,3.88,3.25,3.62,3.5,2.88,2.75,4.0,3.5,3.38,3.38,3.5,2.38,2.5,2.62,2.75,3.0,3.0,2.12,3.25,3.12,2.88
17-2111,Health and safety engineers,3.92,3.96,3.96,3.87,3.33,3.25,4.12,4.0,4.0,3.79,3.63,3.21,2.83,2.67,2.83,3.63,3.12,1.71,3.29,3.04,2.45
21-1091,Health education specialists,4.0,4.0,4.38,4.0,3.12,3.12,3.75,3.5,3.88,3.0,3.0,2.12,2.12,2.0,2.25,2.5,2.38,1.38,2.38,2.88,2.5
49-9021,"Heating, air conditioning, and refrigeration mechanics and installers",3.38,3.18,3.37,3.06,2.88,2.5,3.88,3.63,3.5,3.38,3.06,2.75,2.5,2.69,2.94,3.12,3.0,2.32,3.62,3.0,2.82
53-3032,Heavy and tractor-trailer truck drivers,3.0,2.88,2.88,2.75,2.25,2.25,3.5,3.12,3.0,3.12,3.0,2.12,2.25,2.0,2.38,2.75,2.88,3.75,3.0,3.12,2.88
49-3040,Heavy vehicle and mobile equipment service technicians,3.04,3.04,3.0,2.79,2.67,2.46,3.62,3.34,3.17,3.25,3.04,2.5,2.54,2.58,2.83,3.21,3.13,2.33,3.46,3.17,2.71
25-2031,High school teachers,4.12,4.0,4.25,3.88,3.62,3.62,3.88,4.0,3.62,3.62,3.12,3.0,2.75,3.0,2.88,2.88,2.88,1.0,2.88,3.0,2.88
19-3093,Historians,4.0,4.75,4.0,4.25,3.12,3.0,3.38,3.5,3.88,3.38,3.25,2.0,1.62,2.25,2.0,2.38,2.12,1.0,2.0,3.0,2.12
11-3121,Human resources managers,4.25,4.12,4.25,4.0,3.5,3.38,3.88,4.0,3.88,3.38,3.38,3.0,3.0,2.88,3.0,2.75,2.62,1.0,2.38,3.12,2.62
13-1071,Human resources specialists,4.12,4.12,4.12,3.75,2.75,2.62,3.62,3.75,3.12,3.5,3.12,2.38,2.25,2.38,2.38,2.75,2.38,1.0,2.25,2.75,2.25
19-2043,Hydrologists,4.0,4.0,4.0,4.0,3.5,3.25,3.88,3.88,3.88,3.62,3.75,3.88,3.25,2.88,2.75,3.62,3.25,1.75,3.0,2.88,2.25
27-1021,Industrial designers,3.88,3.62,3.75,3.25,3.62,3.75,3.5,3.75,3.38,3.5,3.38,2.88,2.5,2.5,2.38,3.12,2.75,1.38,3.62,3.25,2.62
17-3026,Industrial engineering technologists and technicians,4.0,3.75,3.5,3.25,3.25,3.25,4.0,4.0,4.0,3.38,3.38,3.12,3.12,2.62,2.75,3.0,3.12,1.38,3.25,3.25,2.88
17-2112,Industrial engineers,3.94,4.06,3.81,3.88,3.31,3.25,3.94,3.88,3.88,3.75,3.32,3.32,3.06,2.5,2.5,3.12,2.88,1.32,3.18,3.31,2.62
11-3051,Industrial production managers,4.08,3.94,4.02,3.62,3.19,3.0,3.98,3.9,3.71,3.5,3.25,3.17,3.08,2.66,2.79,3.19,3.21,1.5,2.88,3.17,2.88
25-9031,Instructional coordinators,4.19,4.38,4.25,4.25,3.75,3.82,3.88,3.75,3.75,3.68,3.44,2.69,2.69,3.0,2.82,3.0,2.68,1.0,3.0,3.12,2.82
47-2130,Insulation workers,3.19,2.82,3.25,2.56,2.5,2.5,3.13,2.81,2.81,2.94,2.94,2.12,2.25,2.0,2.25,2.69,2.76,2.06,3.0,3.06,2.38
41-3021,Insurance sales agents,4.0,4.0,4.0,3.62,2.88,2.75,3.25,3.25,3.12,3.12,3.12,3.12,3.0,2.25,2.5,2.88,2.62,1.0,2.0,2.75,2.62
13-2053,Insurance underwriters,3.5,3.88,3.62,3.75,2.88,2.88,3.38,3.5,3.75,3.12,3.25,2.88,2.75,2.12,2.25,3.0,2.5,1.0,2.0,2.88,2.38
27-1025,Interior designers,4.0,4.0,4.0,3.75,4.0,4.12,3.75,3.75,3.38,3.12,3.38,3.0,2.88,2.38,2.38,3.0,2.88,1.75,4.0,3.25,2.75
27-3091,Interpreters and translators,4.25,4.0,4.25,3.88,2.88,3.0,3.62,3.12,3.12,3.75,3.0,1.88,1.88,2.75,3.0,2.88,3.0,1.0,2.5,3.38,3.0
37-2011,Janitors and building cleaners,3.12,2.12,2.88,2.0,2.0,2.0,2.75,2.88,2.88,2.88,2.62,1.25,1.25,1.5,2.0,2.12,2.0,1.38,2.12,2.5,2.12
51-9071,Jewelers and precious stone and metal workers,2.96,2.75,2.96,2.46,2.83,2.88,3.25,3.12,2.92,3.08,3.17,2.67,2.58,2.0,2.38,3.08,2.84,1.04,3.12,2.96,2.25
13-1075,Labor relations specialists,4.25,4.12,4.38,3.88,3.38,3.5,4.0,3.88,3.5,3.25,3.12,2.75,2.62,2.5,2.75,2.75,2.5,1.0,2.5,3.12,2.75
17-1012,Landscape architects,4.12,4.0,4.12,3.88,3.75,3.88,3.88,3.88,3.62,3.62,3.88,3.0,3.0,2.38,2.25,3.0,2.62,1.38,4.0,3.0,3.0
23-1011,Lawyers,4.5,4.5,4.88,4.12,3.75,3.62,3.88,4.0,4.0,3.88,3.75,2.62,2.38,2.88,2.75,2.75,2.62,1.0,2.5,3.5,2.75
25-4022,Librarians and library media specialists,3.88,3.88,4.0,3.88,3.0,3.0,3.25,3.38,3.62,4.0,3.75,2.5,2.12,2.88,2.75,3.12,3.0,1.0,2.25,3.12,2.88
29-2061,Licensed practical and licensed vocational nurses,4.0,4.0,4.0,3.38,3.0,2.75,4.0,3.88,3.62,3.38,3.12,2.75,2.88,2.75,3.0,3.0,2.88,1.12,2.5,3.12,3.12
13-2072,Loan officers,4.0,3.75,4.0,3.62,2.88,2.12,3.75,3.75,3.75,3.25,2.88,3.25,3.25,2.25,2.25,2.5,2.12,1.0,1.5,2.75,2.25
11-9081,Lodging managers,4.0,4.0,4.12,4.0,3.62,3.38,4.0,3.62,3.62,3.75,3.25,3.38,2.75,2.62,2.88,3.0,2.88,2.12,2.5,3.0,2.88
45-4020,Logging workers,3.13,2.58,3.13,2.46,2.21,2.25,3.42,3.0,2.96,3.04,3.08,2.54,2.63,1.96,2.29,3.08,3.08,2.67,3.04,2.96,2.46
13-1081,Logisticians,3.96,4.09,3.91,3.66,3.42,3.33,3.92,3.88,3.88,3.79,3.16,3.46,3.37,2.75,2.71,3.0,2.84,1.21,3.04,3.13,2.67
13-1111,Management analysts,4.38,4.25,4.25,4.12,3.62,3.25,4.0,4.0,4.12,3.75,3.25,3.0,2.88,2.62,2.5,2.75,2.5,1.0,2.25,2.62,2.75
39-5092,Manicurists and pedicurists,2.88,2.5,3.0,2.12,2.25,2.62,2.75,2.5,2.62,2.62,2.5,1.38,1.75,1.75,2.0,2.12,2.0,1.0,2.5,2.88,2.62
17-2121,Marine engineers and naval architects,3.94,4.0,3.94,3.88,3.32,3.44,4.0,4.0,4.0,3.94,3.5,3.75,3.5,2.63,2.82,2.94,3.0,1.81,3.75,3.18,2.56
13-1161,Market research analysts,4.0,4.0,4.0,4.0,4.0,3.38,3.62,4.0,4.12,3.88,3.75,3.38,3.12,2.75,2.5,3.0,2.75,1.0,2.38,2.88,2.38
21-1013,Marriage and family therapists,4.38,4.0,4.12,4.0,3.62,3.62,4.12,4.0,4.0,3.5,3.5,2.12,2.12,2.88,3.12,3.12,2.75,1.0,2.25,3.38,2.88
31-9011,Massage therapists,3.75,3.25,3.62,2.88,2.75,2.88,3.38,3.12,3.0,2.88,2.62,1.62,1.88,2.0,2.12,2.38,2.12,1.12,2.0,2.88,2.38
17-2131,Materials engineers,4.0,4.0,3.88,3.88,3.25,3.12,4.0,4.0,4.0,3.5,3.62,3.62,3.25,2.38,2.5,3.12,3.12,1.0,3.38,3.0,2.25
17-3027,Mechanical engineering technologists and technicians,3.81,3.94,3.62,3.38,3.06,3.0,3.82,3.82,3.75,3.62,3.38,3.12,3.0,2.5,2.56,3.12,3.18,2.06,3.18,3.38,2.62
17-2141,Mechanical engineers,3.96,4.0,3.71,3.63,3.5,3.37,3.88,3.88,3.88,3.79,3.5,3.84,3.41,2.62,2.75,3.21,3.04,1.5,3.46,3.17,2.63
11-9111,Medical and health services managers,4.25,4.25,4.38,4.12,3.38,3.12,4.0,3.88,3.88,3.62,3.5,2.88,2.88,2.62,2.25,2.62,2.62,1.0,2.12,2.88,2.88
31-9092,Medical assistants,4.0,3.88,4.0,3.5,2.62,2.75,3.88,3.5,3.12,3.25,3.12,2.88,2.62,2.5,2.62,3.0,2.88,1.12,2.38,2.88,3.0
29-2036,Medical dosimetrists,4.02,3.73,3.98,3.6,2.93,2.8,3.93,3.47,3.5,3.42,3.07,2.55,2.5,2.45,2.77,3.13,3.1,1.13,2.8,3.02,2.88
49-9062,Medical equipment repairers,3.25,3.25,3.0,3.0,3.12,2.88,3.88,3.5,3.38,3.38,3.0,2.88,3.0,3.0,3.0,3.0,3.12,1.75,3.25,3.0,2.12
29-2072,Medical records specialists,3.62,3.5,3.38,3.0,2.38,2.38,2.88,3.12,2.88,3.12,3.12,2.25,2.0,2.12,2.0,2.62,2.88,1.0,1.88,2.62,2.12
19-1042,Medical scientists,4.12,4.25,4.0,4.0,3.0,3.0,4.0,4.0,4.12,4.0,3.88,3.25,3.0,2.62,2.62,3.25,3.0,1.0,2.25,3.12,2.75
31-9094,Medical transcriptionists,4.5,4.12,3.5,4.0,2.25,1.88,3.12,3.12,3.0,3.0,3.0,1.88,2.0,2.38,2.5,2.88,3.0,1.0,1.62,3.0,2.12
13-1121,"Meeting, convention, and event planners",4.0,4.0,4.0,4.0,3.75,3.62,3.88,3.88,3.62,3.5,3.12,3.0,2.88,2.38,2.5,2.88,2.62,1.62,3.0,3.12,3.0
19-1022,Microbiologists,4.0,4.25,4.0,4.12,3.88,3.25,4.0,4.0,4.25,4.0,4.0,3.0,3.0,2.62,2.88,3.88,3.0,1.0,3.0,3.5,2.62
25-2022,Middle school teachers,4.0,4.0,4.12,3.88,3.25,3.12,3.75,3.75,3.38,3.62,3.0,2.88,2.88,2.75,2.75,3.0,2.62,1.0,2.62,3.0,2.75
17-2151,Mining and geological engineers,4.0,4.0,4.0,4.0,3.75,3.5,4.0,4.0,4.0,4.0,4.0,3.88,3.38,2.75,3.0,3.62,3.12,1.88,3.38,3.38,2.5
41-9012,Models,2.88,2.5,2.88,2.5,2.25,2.63,2.38,2.25,2.38,2.13,2.38,1.5,1.5,1.63,1.13,1.75,1.25,1.5,2.25,2.5,2.0
27-2041,Music directors and composers,3.69,3.44,3.69,3.38,3.62,3.82,3.38,3.38,3.25,3.38,3.12,2.06,2.12,2.81,2.75,3.0,2.75,1.0,2.68,3.12,2.44
27-2042,Musicians and singers,3.5,2.94,3.5,2.82,3.06,3.32,3.06,2.94,2.88,3.06,3.0,1.5,1.82,2.94,2.32,2.68,2.19,1.19,2.63,3.19,2.5
11-9121,Natural sciences managers,4.08,4.12,3.96,3.96,3.29,3.21,3.75,3.92,3.92,3.66,3.29,3.17,3.08,2.54,2.5,3.0,2.67,1.16,2.58,3.04,2.54
27-3023,"News analysts, reporters, and journalists",4.12,4.06,4.19,4.0,3.18,3.68,3.62,3.56,3.82,3.56,3.06,2.0,1.94,2.56,2.68,2.82,2.44,1.0,2.37,3.0,2.75
17-2161,Nuclear engineers,4.12,4.12,4.12,4.0,3.5,3.25,4.5,4.0,3.88,4.0,4.0,3.62,3.5,2.75,3.0,3.38,3.12,1.12,3.12,3.25,2.88
29-2033,Nuclear medicine technologists,4.0,3.75,4.0,3.5,2.88,2.75,3.88,3.5,3.5,3.75,3.25,3.12,3.12,2.75,2.5,3.0,3.0,1.0,2.88,2.88,2.75
19-4051,Nuclear technicians,3.81,3.82,3.88,3.38,2.88,2.62,4.0,4.0,4.0,3.88,3.38,3.06,3.06,2.68,2.75,3.63,3.81,1.56,2.88,3.82,2.94
29-1122,Occupational therapists,4.0,3.94,4.06,3.75,3.44,3.38,4.12,3.62,3.62,3.44,3.25,2.37,2.44,2.38,2.88,3.06,2.88,1.5,2.94,3.12,2.94
31-2010,Occupational therapy assistants and aides,3.88,3.5,3.94,3.56,2.88,2.81,3.88,3.18,3.12,3.25,3.0,2.18,2.12,2.25,2.18,2.75,2.56,1.06,2.5,3.0,2.94
15-2031,Operations research analysts,4.0,4.25,4.12,4.0,3.75,3.75,3.75,4.12,4.25,3.88,3.38,4.75,4.25,2.75,2.38,3.0,2.62,1.0,2.38,3.0,2.12
29-2081,Opticians,4.0,3.75,4.0,3.75,3.0,2.62,3.5,3.5,3.0,3.12,3.12,2.75,2.75,2.38,2.5,2.62,2.75,1.0,2.88,3.0,2.88
29-1041,Optometrists,4.0,3.75,4.0,3.62,3.0,3.0,4.0,4.12,4.12,3.75,3.5,3.0,3.0,2.38,3.12,3.62,3.25,1.0,3.0,3.25,2.88
29-2091,Orthotists and prosthetists,4.0,4.0,4.0,3.62,3.12,3.25,3.88,4.0,4.0,3.5,3.38,2.75,2.38,2.0,2.62,2.75,2.62,1.0,3.5,2.88,2.5
47-2141,"Painters, construction and maintenance",3.12,3.0,3.0,2.25,2.12,2.25,2.88,3.0,2.88,2.88,2.38,2.12,2.0,1.5,2.0,2.38,2.0,2.0,2.75,2.88,2.25
51-9120,Painting and coating workers,2.92,2.67,2.88,2.29,2.21,2.17,2.88,2.92,2.63,2.92,2.75,1.83,2.04,1.96,2.17,2.58,2.5,1.75,2.75,2.84,2.04
23-2011,Paralegals and legal assistants,4.0,4.12,4.0,4.0,2.75,2.75,3.5,3.38,3.38,3.38,3.12,2.0,2.12,2.62,2.0,3.0,3.0,1.0,2.12,2.75,2.38
13-2052,Personal financial advisors,4.0,4.0,4.0,3.88,3.25,2.88,3.88,4.0,4.0,3.38,3.38,3.5,3.5,2.5,2.75,2.75,2.75,1.0,2.0,2.75,2.62
37-2021,Pest control workers,3.75,3.25,3.75,3.62,2.88,2.75,3.62,3.62,3.5,3.25,3.25,2.75,2.75,2.12,2.38,3.25,2.88,2.62,3.0,3.0,3.0
17-2171,Petroleum engineers,4.12,4.25,4.12,4.0,3.5,3.25,4.0,3.75,4.0,3.88,3.62,3.38,3.12,2.62,2.75,3.25,2.88,1.38,3.25,3.38,3.12
29-1051,Pharmacists,4.25,4.25,4.12,3.88,3.0,2.88,4.12,3.88,3.88,3.75,3.75,3.38,3.25,2.75,2.5,2.88,3.12,1.12,2.5,3.38,3.0
29-2052,Pharmacy technicians,4.0,3.88,3.88,2.88,2.5,2.25,3.62,3.38,3.0,3.62,3.5,3.12,3.12,2.25,2.38,2.88,3.12,1.0,2.38,3.0,2.88
31-9097,Phlebotomists,3.38,3.25,3.38,3.0,2.62,2.5,3.75,3.5,3.0,3.25,3.12,2.38,2.25,2.25,2.25,3.0,3.12,1.0,2.5,3.0,2.5
27-4021,Photographers,3.88,3.38,3.75,2.88,3.38,3.62,3.12,3.12,3.12,3.12,3.25,2.0,2.0,2.0,2.38,2.88,2.88,1.75,3.62,3.0,2.62
31-2020,Physical therapist assistants and aides,3.62,3.38,3.62,3.0,2.62,2.56,3.44,3.13,3.06,3.19,3.0,2.12,2.06,2.25,2.31,2.75,2.88,1.18,2.69,2.94,2.56
29-1123,Physical therapists,4.0,4.0,4.0,4.0,3.25,3.0,4.0,4.0,4.0,3.5,3.25,2.62,2.5,2.5,2.62,3.12,3.0,1.12,3.12,3.0,2.88
29-1071,Physician assistants,4.12,4.0,3.94,3.69,2.88,2.81,4.06,4.0,4.0,3.62,3.25,3.0,2.94,2.82,3.06,3.18,3.44,1.0,2.88,3.32,2.94
19-2010,Physicists and astronomers,4.12,4.12,4.06,3.88,3.69,3.88,3.82,4.12,4.19,3.81,3.63,4.31,4.06,3.12,2.94,3.56,3.19,1.32,3.32,3.44,2.88
47-2152,"Plumbers, pipefitters, and steamfitters",3.56,3.12,3.12,2.88,3.0,2.94,3.69,3.44,3.31,3.18,3.0,2.56,2.69,2.06,2.75,2.94,2.94,2.32,3.44,3.06,2.75
29-1081,Podiatrists,4.0,4.0,4.0,4.0,3.0,3.12,4.12,4.12,4.12,3.5,3.5,2.75,2.88,2.75,3.12,3.5,3.12,1.0,3.12,2.88,2.88
19-3094,Political scientists,3.88,4.62,4.12,3.88,3.0,3.25,3.5,3.75,3.88,3.0,3.0,2.75,2.38,2.5,2.25,2.75,2.0,1.0,2.0,3.0,2.12
43-5050,Postal service workers,3.33,3.17,3.25,2.54,2.0,1.96,3.0,2.96,2.88,3.12,3.08,2.21,2.25,2.16,2.29,2.58,2.96,1.54,2.04,2.92,2.42
11-9033,Postsecondary education administrators,4.0,4.12,4.12,4.12,3.75,3.88,4.12,3.88,4.0,3.75,3.62,2.88,2.88,2.75,2.88,3.12,2.62,1.0,2.62,3.38,2.75
51-8010,"Power plant operators, distributors, and dispatchers",4.0,3.71,3.96,3.45,2.92,2.83,4.0,3.79,3.71,3.59,3.04,2.67,2.63,2.29,2.75,3.25,3.46,1.62,2.92,3.21,2.92
11-9031,Preschool and childcare center directors,4.0,4.0,4.0,4.12,3.38,3.25,3.88,4.0,3.88,3.75,3.12,2.88,2.75,3.0,2.75,2.88,2.62,1.0,2.38,3.12,2.88
25-2011,Preschool teachers,4.0,3.5,4.25,3.38,3.5,3.75,4.0,3.5,3.38,3.62,3.25,2.5,2.25,2.75,3.0,3.0,2.62,1.38,2.88,3.12,3.25
33-9021,Private detectives and investigators,4.0,3.88,4.0,3.88,3.0,3.0,4.0,3.88,4.12,3.5,3.12,2.5,2.38,2.12,2.75,3.25,3.0,1.88,2.25,3.38,2.75
21-1092,Probation officers and correctional treatment specialists,4.0,3.62,4.0,3.62,2.62,2.75,4.12,3.75,3.88,3.0,2.88,1.88,1.88,2.12,2.0,2.62,2.0,1.25,1.88,2.75,2.5
27-2012,Producers and directors,4.15,4.03,4.1,3.85,3.45,3.6,3.85,3.83,3.7,3.53,3.35,2.45,2.45,2.55,2.5,2.9,2.57,1.15,2.95,3.2,3.02
13-1082,Project management specialists,3.96,4.09,3.91,3.66,3.42,3.33,3.92,3.88,3.88,3.79,3.16,3.46,3.37,2.75,2.71,3.0,2.84,1.21,3.04,3.13,2.67
13-2020,Property appraisers and assessors,3.94,3.88,3.69,3.56,2.88,2.82,3.31,3.69,3.81,3.31,3.44,3.18,3.06,2.19,2.56,2.94,2.75,1.75,2.5,3.06,2.56
11-9141,"Property, real estate, and community association managers",4.0,4.0,4.0,3.75,2.88,3.0,3.88,3.75,3.62,3.12,3.12,2.62,2.75,2.12,2.38,2.5,2.12,1.25,2.5,2.88,2.5
19-3030,Psychologists,4.33,4.37,4.29,4.21,3.61,3.39,4.24,4.21,4.24,3.71,3.64,3.07,2.76,2.76,2.83,3.2,2.83,1.04,2.7,3.1,2.56
11-2030,Public relations and fundraising managers,4.0,4.0,4.25,4.12,4.0,3.62,3.88,3.88,3.88,3.62,3.25,2.75,2.88,2.62,2.75,2.75,2.38,1.0,2.88,2.88,2.88
27-3031,Public relations specialists,4.38,3.88,4.25,4.0,3.5,3.5,3.75,3.75,3.62,3.12,3.0,2.12,2.0,2.38,2.25,2.25,2.38,1.0,2.25,3.12,2.75
43-5031,Public safety telecommunicators,4.12,3.5,4.25,3.25,3.0,2.88,4.0,3.75,3.75,3.75,3.25,2.12,2.12,3.12,3.25,3.38,3.38,1.38,2.38,4.0,3.12
51-9061,Quality control inspectors,3.75,3.38,3.75,2.88,2.38,2.12,3.38,3.25,3.12,3.12,3.12,2.62,2.38,2.0,2.25,3.38,3.12,1.0,2.62,3.12,2.38
29-1124,Radiation therapists,4.0,3.75,3.88,3.62,3.0,2.25,3.88,3.5,3.25,3.62,3.12,2.75,2.75,2.5,2.88,3.0,2.88,1.88,3.0,3.12,2.88
41-9020,Real estate brokers and sales agents,4.0,3.81,4.0,3.44,2.88,2.69,3.32,3.44,3.18,3.25,2.87,2.94,2.44,2.25,2.38,2.5,2.37,1.75,2.38,2.5,2.25
43-4171,Receptionists,3.88,3.5,3.88,3.5,2.5,2.5,2.88,3.0,2.75,2.75,2.5,2.62,2.62,2.75,2.12,2.25,2.62,1.0,2.12,3.12,2.88
39-9032,Recreation workers,4.0,3.38,4.0,3.12,3.12,3.12,3.62,3.25,3.0,3.12,3.12,2.25,2.12,2.0,2.62,2.62,2.62,1.0,2.62,3.0,3.0
29-1125,Recreational therapists,4.12,3.79,4.17,3.79,3.5,3.46,3.83,3.83,3.79,3.42,3.08,2.12,2.16,2.46,2.46,2.92,2.54,1.21,2.71,3.25,2.83
29-1141,Registered nurses,4.12,3.98,4.12,3.85,3.15,3.08,4.17,4.0,4.0,3.83,3.35,2.8,2.73,2.93,2.93,3.15,3.1,1.1,2.7,3.3,2.98
21-1015,Rehabilitation counselors,4.0,4.0,4.0,4.0,3.0,3.0,3.62,3.5,3.75,3.12,3.0,2.12,2.0,2.38,2.62,2.75,2.75,1.0,2.0,2.88,2.62
29-1126,Respiratory therapists,3.88,3.75,4.0,3.5,2.88,2.88,4.0,3.88,4.0,3.88,3.0,2.88,2.88,2.62,2.38,3.0,3.25,1.5,2.38,3.12,2.88
47-2181,Roofers,3.38,2.62,3.0,2.12,2.25,2.25,3.75,3.0,3.0,3.0,2.75,2.0,2.12,2.0,2.12,2.62,2.88,2.0,3.0,3.0,2.88
41-9031,Sales engineers,4.12,4.0,4.12,3.75,3.75,3.5,3.75,3.88,3.88,3.62,3.5,3.12,3.25,3.0,2.88,3.0,2.88,1.0,2.88,3.12,2.62
11-2022,Sales managers,4.0,4.0,4.0,3.88,3.75,3.62,3.75,3.88,3.75,3.38,3.25,3.12,3.12,3.0,2.75,2.75,2.5,1.5,2.38,2.62,2.62
21-1012,School and career counselors and advisors,4.12,4.12,4.25,4.0,3.5,3.25,4.12,3.88,3.88,3.38,3.0,2.5,2.25,2.62,2.38,2.75,2.75,1.0,2.62,3.25,2.88
41-3031,"Securities, commodities, and financial services sales agents",3.96,3.92,3.96,3.58,3.12,2.83,3.75,3.92,3.75,3.42,3.33,3.21,3.17,2.46,2.63,2.71,2.58,1.0,2.04,2.88,2.46
33-9030,Security guards and gambling surveillance officers,3.63,2.94,3.56,3.18,2.25,2.19,4.06,3.25,3.44,3.0,2.5,1.88,1.94,2.12,2.81,3.25,3.19,1.68,2.18,3.75,2.81
51-9141,Semiconductor processing technicians,3.38,3.5,3.25,3.13,2.38,2.38,3.13,3.25,3.25,3.13,2.88,2.0,2.0,2.25,2.0,2.75,3.0,1.5,3.0,2.75,2.25
27-1027,Set and exhibit designers,4.0,3.88,3.88,3.5,4.12,4.12,3.75,3.62,3.62,3.5,3.5,3.0,3.12,2.62,2.75,3.25,3.25,2.12,4.0,3.25,2.88
47-2211,Sheet metal workers,3.0,3.0,3.0,2.75,2.75,2.38,3.12,3.0,3.0,3.38,3.12,3.0,2.75,2.0,2.12,3.0,3.12,2.5,3.5,3.25,2.88
39-5094,Skincare specialists,3.88,3.25,3.88,3.0,2.88,3.0,3.12,3.12,2.88,2.88,2.88,1.5,1.5,2.0,2.0,2.62,2.12,1.0,2.25,3.0,2.38
49-3050,Small engine mechanics,3.33,2.71,3.21,2.79,2.71,2.67,3.58,3.58,3.46,3.21,2.96,2.08,2.04,2.21,2.21,2.92,2.63,1.96,3.29,3.04,2.58
11-9151,Social and community service managers,4.12,4.0,4.38,3.88,3.62,3.75,4.0,3.88,3.75,3.5,3.0,2.88,2.88,2.75,2.62,3.0,2.75,1.0,2.5,2.88,2.88
21-1093,Social and human service assistants,3.88,3.62,4.0,3.75,3.0,2.88,3.88,3.5,3.0,3.0,3.0,2.38,2.12,2.75,2.5,3.0,2.75,1.88,2.25,2.88,2.75
21-1020,Social workers,4.33,4.04,4.37,3.91,3.41,3.21,4.12,3.96,3.96,3.46,3.25,2.21,2.08,2.79,2.83,3.0,2.63,1.21,2.25,3.0,2.88
19-3041,Sociologists,4.12,4.25,4.25,4.12,3.12,3.25,3.25,4.0,3.88,3.12,3.0,2.75,2.12,2.38,2.0,2.5,2.12,1.0,2.0,2.88,2.25
47-2231,Solar photovoltaic installers,3.12,2.88,3.0,2.5,2.88,2.75,3.75,3.25,3.0,3.38,3.0,2.38,2.25,2.25,2.5,2.62,3.0,2.25,3.62,3.0,2.75
25-2050,Special education teachers,4.03,4.0,4.12,3.94,3.34,3.38,3.78,3.72,3.63,3.56,3.13,2.66,2.62,2.78,2.68,2.97,2.66,1.12,2.5,3.18,2.91
27-1014,Special effects artists and animators,3.75,3.88,3.88,3.62,3.25,3.38,3.62,3.5,3.38,3.38,3.25,2.62,2.5,2.5,2.5,2.88,2.75,1.12,3.75,3.38,2.62
29-1127,Speech-language pathologists,4.25,3.88,3.88,4.0,3.88,3.25,3.88,4.0,4.0,3.62,3.62,2.62,2.25,2.62,2.75,3.12,3.0,1.0,2.62,3.0,2.75
51-8021,Stationary engineers and boiler operators,3.75,3.12,3.75,3.0,2.62,2.38,3.75,3.12,3.12,3.25,3.0,2.0,2.0,2.12,2.25,2.62,3.12,2.0,2.75,3.0,2.5
21-1018,"Substance abuse, behavioral disorder, and mental health counselors",4.25,4.05,4.22,4.02,3.4,3.25,4.05,3.88,3.93,3.4,3.22,2.2,2.1,2.65,2.72,2.87,2.6,1.0,2.32,3.2,2.75
19-3022,Survey researchers,4.12,4.0,4.12,4.0,3.12,3.12,3.62,4.0,4.0,3.88,3.38,4.0,3.88,3.0,2.75,2.88,2.75,1.0,2.38,3.0,2.38
17-3031,Surveying and mapping technicians,3.37,3.68,3.37,3.06,2.94,2.88,3.5,3.44,3.12,3.38,3.06,3.56,3.0,2.62,2.75,3.12,3.0,2.0,3.06,3.06,2.56
17-1022,Surveyors,3.94,4.0,3.94,3.75,2.94,2.94,3.75,3.94,3.75,3.75,3.44,4.12,3.94,2.88,2.94,3.56,3.06,2.68,3.25,3.06,2.75
13-2081,"Tax examiners and collectors, and revenue agents",4.0,4.0,4.0,3.5,2.75,2.5,4.0,4.0,4.0,3.88,3.12,3.0,3.25,2.88,2.75,3.12,2.88,1.0,2.25,2.88,2.62
25-9045,Teacher assistants,3.88,3.0,3.88,2.75,2.88,2.75,3.12,3.0,2.88,3.12,2.88,1.88,1.88,2.25,2.0,2.75,2.12,1.12,2.25,3.0,2.88
27-3042,Technical writers,3.88,4.12,3.75,4.25,3.0,2.88,3.38,3.75,3.38,3.62,3.0,1.88,1.88,2.0,2.12,2.25,2.12,1.25,3.0,2.5,1.88
43-3071,Tellers,4.0,3.25,3.88,3.25,2.88,2.25,3.62,3.12,3.0,3.62,3.0,3.12,3.88,2.12,2.5,2.88,3.0,1.0,2.12,3.25,2.88
39-7010,Tour and travel guides,3.88,3.32,3.88,2.88,2.63,2.63,3.32,3.12,3.06,3.06,2.69,2.25,2.38,2.5,2.25,2.38,2.32,2.38,2.25,2.75,2.69
11-3131,Training and development managers,4.0,4.0,4.12,4.0,4.0,3.88,3.88,4.0,3.88,3.75,3.38,2.88,2.88,2.88,2.88,2.75,2.5,1.0,2.75,2.88,2.5
13-1151,Training and development specialists,4.12,4.0,4.25,4.0,3.5,3.75,3.75,3.88,3.88,3.38,3.25,2.5,2.5,3.0,2.5,2.75,2.5,1.12,2.5,3.0,3.12
11-3071,"Transportation, storage, and distribution managers",3.96,3.96,3.96,3.88,3.29,3.16,3.92,3.71,3.63,3.5,3.21,3.08,3.0,2.46,2.46,2.88,2.71,1.59,2.54,2.88,2.54
41-3041,Travel agents,4.0,3.88,3.88,3.12,3.0,3.0,3.5,3.12,3.0,3.25,3.0,2.88,3.0,2.88,2.25,2.5,2.12,1.0,2.25,3.12,2.88
27-2023,"Umpires, referees, and other sports officials",3.5,2.75,3.75,2.75,2.38,2.38,3.5,3.38,3.0,3.12,2.88,2.38,2.5,3.0,3.25,3.25,3.12,2.0,2.5,3.38,3.12
19-3051,Urban and regional planners,4.0,4.0,4.12,4.0,3.5,3.38,3.88,3.88,3.75,3.62,3.25,3.0,2.88,2.25,2.25,2.88,2.62,1.88,3.38,2.88,2.75
29-1131,Veterinarians,3.88,3.88,4.12,3.38,3.12,3.12,4.25,4.12,4.25,3.62,3.12,2.88,2.88,2.5,2.38,3.0,2.75,1.12,2.88,3.25,3.0
31-9096,Veterinary assistants and laboratory animal caretakers,3.25,3.0,3.25,3.0,2.12,2.12,3.38,3.12,3.0,3.0,2.75,2.75,2.88,2.0,2.12,2.88,2.38,1.0,2.38,2.88,2.25
29-2056,Veterinary technologists and technicians,3.88,3.62,4.0,3.25,2.88,2.75,3.88,3.88,3.5,3.62,3.25,3.0,3.0,2.75,2.75,3.25,3.0,1.0,2.88,3.0,3.0
35-3031,Waiters and waitresses,3.88,2.88,3.88,2.5,2.12,2.12,3.0,3.0,2.88,2.88,2.62,2.0,2.12,2.88,2.12,2.38,2.12,1.5,2.12,3.0,3.12
51-8031,Water and wastewater treatment plant and system operators,3.75,3.62,3.75,3.12,2.75,2.12,3.38,3.5,3.25,3.12,2.88,2.75,2.88,2.12,2.25,2.88,3.38,2.0,2.75,3.12,2.62
51-4121,"Welders, cutters, solderers, and brazers",2.88,2.44,2.75,2.19,2.18,2.12,3.19,2.81,2.69,2.94,2.63,2.0,2.0,1.81,2.25,2.62,2.75,1.62,3.06,2.75,2.19
49-9081,Wind turbine technicians,3.62,3.25,3.38,2.75,2.88,2.75,3.62,3.62,3.38,3.38,3.12,2.12,2.0,2.75,2.5,3.25,3.25,2.12,3.38,3.12,2.62
27-3043,Writers and authors,3.94,4.19,3.88,4.44,3.88,3.94,3.19,3.38,3.38,3.32,3.12,1.94,1.81,2.06,2.38,2.68,2.19,1.0,2.56,3.0,2.12
19-1023,Zoologists and wildlife biologists,4.12,4.12,4.0,4.0,3.12,3.12,3.88,4.0,4.0,3.75,3.38,3.0,3.0,2.25,2.38,3.0,3.0,2.0,2.88,3.25,2.88
